ID,Class
cats_cert_akshay.wav,certain
cats_un_akshay.wav,uncertain
cats_cert_anx.wav,certain
cats_un_anx.wav,uncertain
cats_cert_yazzy.wav,certain
cats_un_yazzy.wav,uncertain
cats_cert_amman.wav,certain
cats_un_amman.wav,uncertain
cats_cert_ro.wav,certain
cats_un_ro.wav,uncertain
cats_cert_daniel.wav,certain
cats_un_daniel.wav,uncertain
cats_cert_shristi.wav,certain
cats_nikhil_cert.wav,certain
cats_nikhil_un.wav,uncertain
cats_nikit_cert.wav,certain
cats_nikit_un.wav,uncertain
cats_nisha_cert.wav,certain
cats_nisha_un.wav,uncertain
cats_un_shristi.wav,uncertain